plu_no,description
1,BEEF BONELESS SCOTCH FILLET
2,BEEF BONELESS SLICED CHUCK
3,BEEF BONELESS RUMP STEAK
4,BEEF BONE-IN T-BONE STEAK
5,BEEF BONELESS POINT BLADE
6,BEEF BONELESS BLADE
7,BEEF BONELESS DICED BLADE
8,BEEF BONE-IN Y-BONE STEAK
9,SMALL BBQ PACK
10,MEAT TRAYS - LARGE
11,BEEF BONELESS BLADE STEAK
12,BEEF BONELESS CUBE ROLL SANDWICH STEAK
13,BEEF BONELESS CUBE ROLL
14,BEEF BONELESS GRAIN FED CUBE ROLL SLICED
15,BEEF BONELESS TENDERLOIN
16,BEEF BONELESS DICED STEAK
17,BEEF BONELESS BEEF STRIPS
18,BEEF BONELESS TENDERLOIN SLICED
19,BEEF BONELESS FILLET MIGNONS
20,BEEF BONELESS BEEF MINCE
21,BEEF BONELESS BUTT TENDERLOIN
22,BEEF BONELESS RUMP MEDALLION 400G
23,BEEF BONELESS RUMP
24,BBQ SAUSAGES
25,THICK BEEF SAUSAGES
26,BEEF BONELESS RUMP MEDALLION 250 GM
27,BEEF BONELESS STRIPLOIN
28,BEEF BONELESS STRIPLOIN SLICED
29,BEEF BONELESS CORNED SILVERSIDE
30,BEEF BONELESS TOPSIDE
31,BEEF BONE-IN OX TAIL
32,BEEF BONELESS CAP OFF TOPSIDE
33,BEEF BONELESS TOPSIDE STRIPS
34,BEEF BONELESS TOPSIDE MINCE PRESERVATIVE ADDED
35,BEEF BONELESS SCHNITZEL
36,BEEF BONELESS CRUMBED BEEF SCHNITZEL
37,BEEF BONELESS SILVERSIDE CONTAINS NITRITE
38,SLICED SILVERSIDE CONTAINS NITRITE
39,CORNED SILVERSIDE CONTAINS NITRITE
40,LAMB BONELESS LAMB LEG ROAST
41,SILVERSIDE EYES
42,BEEF BONE-IN KNUCKLE
43,BEEF BONE-IN KNUCKLE STEAK SLICED & TENDERIZED
44,LAMB BONE-IN DICED LAMB
45,BEEF BONE-IN KNUCKLE SANDWICH STEAK
46,BEEF BONELESS GRAVY BEEF
47,BEEF BONELESS DICED GRAVY BEEF
48,PORK BONELESS PORK LEG ROAST
49,PORK BONE-IN PORK LOIN CHOPS
50,BEEF BONE-IN COUNTER T BONES
51,PORK BONE-IN PORK SPARE RIBS
52,BEEF PREMIUM SAUSAGE MEAT PRESERVATIVE 223 ADDED SULPHITE >10MG/KG
53,3MM BEEF PREMIUM SAUSAGE MEAT PRESERVATIVE 223 ADDED SULPHITE >10MG/KG
54,PORK BONE-IN DICED PORK
55,5MM BEEF PREMIUM SAUSAGE MEAT PRESERVATIVE 223 ADDED SULPHITE >10MG/KG
56,10MM BEEF PREMIUM SAUSAGE MEAT PRESERVATIVE 223 ADDED SULPHITE >10MG/KG
57,20MM BEEF PREMIUM SAUSAGE MEAT PRESERVATIVE 223 ADDED SULPHITE >10MG/KG
58,PORK & VEAL PREMIUM SAUSAGE MEAT PRESERVATIVE 223 ADDED SULPHITE >10MG/KG
59,BEEF BONELESS BEEF BRISKET BONELESS
60,BEEF BONELESS BEEF KEBABS
61,BEEF BONELESS BEEF STRIPS
62,BEEF BONE-IN BEEF BONES
63,BEEF BONE-IN BEEF NECK BONES
64,BEEF BONE-IN BEEF MARROW BONES
65,BEEF BONELESS DICED STEAK
66,BEEF BONELESS DICED STEAK HAND CUT
67,GLUTEN FREE HONEY SOY MARINADE CHICKEN 20KG BOX CONTAINS SOY & SESAME
68,CHICKEN BREAST FILLET SKIN OFF FROZEN
69,BEEF BONELESS BEEF ASIAN CUT
70,BEEF BONELESS MSA3 RUMP
71,BEEF BONELESS MSA3 CUBE ROLL
72,BEEF BONELESS MSA3 STRIPLOIN
73,BEEF BONELESS MARINATED STEAK
74,BONELESS BRISKET
75,BEEF BONELESS STRIPLOIN DENUDED
76,BEEF BONELESS MARINATED BEEF STRIPS
77,BEEF BONELESS SPECIAL TRIM STRIPLOIN
78,BEEF BONELESS BEEF CHEEKS
79,BEEF BONE-IN TOMAHAWK STEAK
80,LAMB BONE-IN BBQ CHOPS
81,BEEF BONELESS DRY AGED PORTERHOUSE
82,BEEF BONE-IN DRY AGED T BONE
83,CHICKEN BONELESS DICED CHICKEN
84,BEEF BONELESS DICED RUMP
85,BEEF BONE-IN BEEF SPARE RIBS
86,BEEF BONELESS WAGYU SANDWICH STEAK
87,BEEF BONE-IN BEEF SHORT RIBS
88,BEEF BONELESS STRIPLOIN DENUDED
89,BEEF BONELESS WAGYU MINCE NO PRESERVATIVE
90,BEEF BONELESS BEEF RUMP STRIPS
91,YIROS MEAT PRESERVATIVE 223 ADDED SULPHITE >10MG/KG
92,BEEF BONELESS DICED BEEF
93,BEEF BONELESS MEAT LOAF
94,BBQ PACK #1 MAY CONTAIN GLUTEN SOY & SULPHITES
95,BBQ PACK #2 MAY CONTAIN GLUTEN SOY & SULPHITES
96,WAGYU BEEF PREMIUM SAUSAGE MEAT PRESERVATIVE 223 ADDED SULPHITE >10MG/KG
97,FLANK STEAK
98,BEEF MINCE NO PRESERVATIVE
99,TOP MINCE NO PRESERVATIVE
100,LAMB BONELESS LAMB KEBABS
101,LAMB BONELESS LAMB BACKSTRAPS
102,BEEF BONELESS SCOTCH FILLET
103,BEEF BONELESS PREMIUM PORTERHOUSE STEAK
104,LAMB BONELESS LAMB MIGNONS
105,BEEF BONELESS PREMIUM RUMP STEAK
106,LAMB BONE-IN LAMB FRENCH CUTLETS CAP OFF
107,BEEF BONE-IN PREMIUM T-BONE STEAK
108,LAMB BONE-IN LAMB RACK CAP OFF
109,LAMB BONE-IN LAMB LOIN BONELESS
110,LAMB BONE-IN LAMB LOIN BONELESS & ROLLED
111,LAMB BONE-IN LAMB BBQ CHOPS 2KG
112,LAMB BONE-IN LAMB BBQ CHOPS 3–4KG
113,BEEF BONELESS TOPSIDE STEAK
114,BONE IN BEEF Y-BONE STEAK
115,BEEF BONE-IN ROLLED & SEASONED
116,BEEF BONELESS DICED BEEF
117,LAMB BONE-IN DICED LAMB LEG
118,BEEF BONELESS BEEF MINCE
119,BEEF BONELESS BEEF SAUSAGES
120,BONE-IN BEEF SPARE RIBS
121,"SMALL BBQ PACK MAY CONTAIN GLUTEN, SOY & SULPHITES"
122,"LARGE BBQ PACK MAY CONTAIN GLUTEN, SOY & SULPHITES"
123,BEEF BONE-IN BEEF NECK BONES
124,LAMB BONE-IN LAMB SHANKS
125,LAMB BONE-IN LAMB SHANKS TIPPED
126,PORK BONE-IN PORK FQ CHOPS
127,PORK BONE-IN PORK LOIN CHOPS
128,PORK BONE-IN PORK CHOPS
129,PORK BONELESS LEG ROAST
130,LAMB BONE-IN LAMB FILLET
131,PORK BONE-IN PORK SPARE RIBS
132,LAMB BONE-IN DICED LAMB
133,PORK BONE-IN PORK SAUSAGES
134,LAMB BONE-IN LAMB FLAPS
135,LAMB BONE-IN LAMB BBQ CHOPS
136,LAMB BONE-IN LAMB LOIN CHOPS
137,LAMB BONELESS LAMB LEG ROAST
138,LAMB BONE-IN LAMB RUMP CAP ON
139,LAMB BONE-IN HAND DICED LAMB
140,LAMB BONE-IN LAMB DICED
141,LAMB BONE-IN LAMB STEAK MARINATED
142,LAMB BON-IN LAMB CHUMP CHOP
143,CHICKEN BREAST FILLET
144,CHICKEN THIGH FILLET
145,LAMB EASY CARVE
146,ASIAN LAMB
147,LAMB SCHNITZEL
148,CORNED SILVERSIDE CONTAINS NITRITE
149,BEEF BONE-IN OX TAIL
151,LAMB BRAINS
152,STEAK & KIDNEY DICED
153,LAMB BONELESS LAMB KIDNEYS
154,LAMB BONE-IN LAMB SHANKS
155,LAMB BONELESS LAMB HEARTS
156,LAMB BONELESS LAMB YIROS MINCE
157,LAMB BONE-IN LAMB NECKS
158,BONELESS CHICKEN CRUMBED CHICKEN RISSOLES
159,THICK BBQ SAUSAGES
160,LAMB SCOTCH FILLET
161,LAMB TOPSIDE
162,KI LAMB RUMP
163,KI LAMB RACK
164,KI LAMB LEG
165,KI LAMB NECKS
166,CORNED LAMB RUMP CONTAINS NITRITE
167,KI LAMB FOREQUARTER
168,LAMB FOREQUARTER
169,LAMB SHANKS
170,BEEF ROAST
171,HOGGET LEG BONED & ROLLED
172,HOGGET LEG BONED ROLLED & ROAST PUMPED
173,HOGGET BACKSTRAP
174,CHICKEN BREAST SCHNITZEL
175,HOGGET FILLET
176,CHICKEN DRUMSTICK
177,CHICKEN PATTIES
178,BEFF STRIPS
187,BEEF STRIPS
188,BEEF SCHNITZEL
190,BONE IN CHICKEN CHICKEN WINGS
191,BONELESS BEEF PREMIUM MINCE
192,MUTTON LEG BONED ROLLED & ROAST PUMPED CONTAINS NITRITE
193,MUTTON LEG PRIMALS
194,MUTTON LEG STRIPS
195,MUTTON LEG DICED
196,MUTTON FILLETS
197,ASIAN MUTTON STRIPS
198,MUTTON BACKSTRAP
199,MUTTON BACKSTRAP DENUDED
200,PORK LEG BONE-IN
201,PORK LEG BONELESS
202,PORK LEG BONELESS ROLLED & PICKLED CONTAINS NITRITE
203,PORK LEG BONED & ROLLED
204,PORK LEG BONELESS ROLLED & SPLIT
205,PORK LEG BONELESS ROLLED & HAND TIED
206,PORK LEG BONELESS & RINDLESS
207,PORK LEG PRIMALS
208,PORK LOIN BONE IN
209,PORK LOIN BONELESS
210,PORK LOIN BONELESS & ROLLED
211,PORK LOIN BONELESS ROLLED & SEASONED
212,PORK LOIN CHOP
213,PORKERHOUSE
214,PORKERHOUSE RIND ON
215,PORK MEDALLION
216,PORK BUTTERFLY STEAKS
217,PORK FILLET
218,PORK BELLIE
219,PORK BELLIE BONELESS
220,PORK BELLIE BONELESS & RINDLESS
221,PORK SPARE RIBS
222,PORK SPARE RIB BONELESS
223,PORK SPARE RIB BONELESS & RINDLESS
224,PORK SCOTCH
225,PORK SCOTCH PICKLED CONTAINS NITRITE
226,PORK SPANISH NECK BONED & ROLLED
227,PORK SCOTCH SLICED
228,PORK FOREQUARTER
229,PORK FOREQUARTER BONELESS
230,PORK FOREQUARTER BONED & ROLLED
231,PORK FOREQUARTER BONELESS & RINDLESS
232,"PORK FOREQUARTER BONED, ROLLED & PICKLED CONTAINS NITRITE"
233,PORK FOREQUARTER CHOPS
234,AMERICAN PORK RIBS
235,PORK SCHNITZELS
236,PORK SCHNITZEL CRUMBED
237,PORK STRIPS
238,ASIAN PORK STRIPS
239,PREMIUM PORK SAUSAGE MEAT PRESERVATIVE 223 ADDED SULPHITE >10MG/KG
240,DICED PORK
241,PORK TROTTERS
242,PORK HOCKS
243,PORK RIND
244,PORK BONES
245,PORK VEAL MINCE NO PRESERVATIVE
246,PORK FRENCHED CUTLET
247,PORK MINCE NO PRESERVATIVE
248,PORK ESCALOPES
249,PORK CHEEK-JOWL
250,PORK MINCE NO PRESERVATIVE
251,MARINATED PORK STRIPS
252,MARINATED PORK SCOTCH
253,PORKERHOUSE CORNED CONTAINS NITRITE
254,PORK RACK
255,PORK & VEAL SAUSAGE MEAT PRESERVATIVE 223 ADDED SULPHITE >10MG/KG
256,PORK SATAY
257,PORK BOSTON BUTT
300,VEAL TENDERLOIN
301,VEAL TENDERLOIN SLICED
302,VEAL BACKSTRAP
303,VEAL RACK
304,VEAL FRENCHED CUTLETS
305,VEAL RIB STEAK
306,VEAL RUMP
307,VEAL TOPSIDE
308,VEAL KNUCKLE
309,VEAL SILVERSIDE
310,VEAL CHUCK TENDER
311,VEAL ESCALOPS
312,VEAL SCHNITZEL CRUMED
313,VEAL SETS
314,VEAL MINCE NO PRESERVATIVE
315,DICED VEAL
316,VEAL SHANKS
317,VEAL SHANKS FRENCHED
318,VEAL SHANKS TIPPED
319,VEAL SCHNTZEL PLAIN
320,VEAL OSSO BUCCO
321,VEAL BLADE
322,VEAL BLADE STEAK
323,VEAL GIRELLO
324,VEAL SCALLOPINI
325,PLAIN VEAL SCHNITZEL
326,PREMIUM VEAL SAUSAGE MEAT PRESERVATIVE 223 ADDED SULPHITE >10MG/KG
330,VEAL STRIPS
333,VEAL STEAK
394,ANGUS SCHNITZEL
395,SAGE AND ONION CHICKEN SCHNITZEL
396,SAGE AND ONION SCHNITZEL
397,HERB AND GARLIC THIGH SCHNITZEL
398,HERB AND GARLIC BEEF SCHNITZEL
399,COARSE FINE PARSLEY AND PARMESION
400,CHICKEN WINGS FROZEN
401,DICED CHICKEN
402,BEEF TONGUES CORNED CONTAINS NITRITE
403,BEEF TAILS
404,BEEF TAILS JOINTED
405,BEEF KIDNEYS
406,BEEF KIDNEY DICED
407,VEAL LIVER
408,VEAL SWEETBREADS
409,LAMB FRIES
410,LAMBS FRY SLICED
411,LAMBS BRAINS
412,LAMB KIDNEY
413,LAMB KIDNEY DICED
414,LAMB HEARTS
415,PORK CAUL FAT
416,PORK BACKFAT
417,CHICKEN LIVER
418,CHICKEN BONES
419,DUCK LIVER
420,LAMB SWEETBREADS
421,CHICKEN NECKS
422,CHICKEN HEARTS
423,CHICKEN SKIN
424,GIRELLO SCHNITZEL
425,CRUMBED WAGYU SCHNITZEL
427,LAMB TONGUES
428,LAMB PLUCK
429,BEEF HEARTS
430,BEEF SUET
431,PORK LIVER
432,BONE MARROW
433,BEEF SAUSAGES
434,PORK SAUSAGES
451,SAUSAGE MEAT
500,THIN SAUSAGES
501,THICK SAUSAGES
502,NATURAL SKIN THIN SAUSAGES
503,THIN PORK SAUSAGES
504,THICK PORK SAUSAGES
505,BRATWURST SAUSAGES
506,CHEESE & TOMATO SAUSAGES
507,CHARGRILL SAUSAGES
508,CONTINENTAL SAUSAGES
509,ROSEMARY & GRARLIC SAUSAGES
510,LAMB & APRICOT SAUSAGES
511,CHICKEN & HERB SAUSAGES
512,SATAY SAUSAGES
513,STEAK SAUSAGES
514,BEEF & BURBANDY SAUSAGES
515,SAUSAGE MEAT PRESERVATIVE 223 ADDED SULPHITE >10MG/KG
516,CRUMBED PATTIES
517,CHEVAPCHICHI
518,STEAKETTES
519,"BEEF BURGERS MAY CONTAIN GLUTEN, SOY & SULPHITES"
520,CHIPOLATAS
521,LAMB SAUSAGES
522,APPLE SAGE ROSEMARY SAUSAGES
523,SICILIAN SAUSAGES
524,PERUVIAN SPICE SAUSAGES
525,CRUMBED SAUSAGES
526,CHICKEN RISSOLES
527,CORDON BLEU
528,"MIXED GRILL MAY CONTAIN GLUTEN, SOY & SULPHITES"
529,"MEAT TRAY MAY CONTAIN GLUTEN, SOY & SULPHITES"
530,"150 GM HAMBURGERS MAY CONTAIN GLUTEN, SOY & SULPHITES"
531,ITALIAN SAUSAGES
532,COUNTRY STYLE SAUSAGE
533,"ANGUS BURGERS MAY CONTAIN GLUTEN, SOY & SULPHITES"
534,"CHURCHILL BURGERS MAY CONTAIN GLUTEN, SOY & SULPHITES"
535,PORK & TRUFFLE CHIPOLATAS
536,PORK CHIPOLATAS
537,PORK & SAGE CHIPOLATAS
538,FROZEN HOLCO CHICKEN PATTIE
539,HOLCO KOFTA FROZEN
540,ARGENTINIAN SAUSAGES
541,"120GM ANGEL BAY BURGER MAY CONTAIN GLUTEN, SOY & SULPHITES"
542,"180GM ANGEL BAY BURGER MAY CONTAIN GLUTEN, SOY & SULPHITES"
543,"CHURCHILL BURGER MAY CONTAIN GLUTEN, SOY & SULPHITES"
544,"LAMB BURGER MEDITERRANEAN MAY CONTAIN GLUTEN, SOY & SULPHITES"
545,"WAGYU BURGER MAY CONTAIN GLUTEN, SOY & SULPHITES"
546,"170GM ANGAS BURGER MAY CONTAIN GLUTEN, SOY & SULPHITES"
547,CROCODILE SAUSAGES
548,KANGAROO SAUSAGES
549,CHICKEN SUN DRIED TOMATO SAUSAGES
600,CHICKEN BREAST FILLET SKIN OFF
601,CHICKEN BREAST FILLET SKIN ON
602,CHICKEN KIEV
603,CHICKEN LEG FILLET SKIN OFF
604,CHICKEN LEG FILLET SKIN ON
605,CHICKEN THIGH FILLET SKIN OFF
606,CHICKEN THIGH FILLET SKIN ON
607,CHICKEN CHOPS
608,CHICKEN WINGS
609,CHICKEN MARYLAND
610,CHICKEN DRUMSTICKS
611,CHICKEN THIGH
612,CHICKEN CASSEROLE
613,CHICKEN NO 9
614,CHICKEN NO 10
615,CHICKEN NO 11
616,CHICKEN NO 12
617,CHICKEN NO 13
618,CHICKEN NO 14
619,CHICKEN NO 15
620,CHICKEN NO 16
621,CHICKEN NO 17
622,CHICKEN NO 18
623,CHICKEN NO 19
624,CHICKEN NO 20
625,CHICKEN TENDERLOIN
626,BUTTERFLIED CHICKEN BREAST SCHNITZEL
627,CHICKEN BREAST SCHNITZEL CRUMBED
628,CHICKEN LEG SCHNITZEL CRUMBED
629,CHICKEN THIGH SCHNITZEL CRUMBED
630,CHICKEN MINI ROASTS
631,CHICKEN MINI ROASTS SEASONED
632,CHICKEN DRUMETTES
633,CHICKEN WINGETTES
634,CHICKEN WINGS MARINATED
635,CHICKEN SATAYS
636,CHICKENS SATAYS MARINATED
637,DICED CHICKEN
638,CHICKEN STRIPS
639,BOSTON BIRD
640,CHICKEN MIGNON
641,CHICKEN THIGH MARINATED
642,CHICKEN STRIPS MARINATED
643,CHICKEN DRUMSTICKS MARINATED
644,CHICKEN MARYLAND CUT HALF
645,CHICKEN THIGH TENDERISED
646,CHICKEN BREAST LILYDALE
647,CHICKEN ROLL
648,CHICKEN ROLL SKIN ON
649,CHICKEN YIROS
650,CHICKEN MINCE NO PRESERVATIVE
651,WHOLE CHICKENS
652,TOM YUM SATAY (STORE BELOW -18)
653,SALT & SEASONED CHICKENS
654,CHICKEN BUFFET
655,CHICKEN THIGH BONE IN
656,CHICKEN MIXED PORTIONS
657,MARINATED DICED CHICKEN
658,QUARTER CUT CHICKENS
659,MARINATED CHICKEN TENDERLOIN
660,LILYDALE CHICKEN BREAST FILLET
661,LILYDALE CHICKENS - WHOLE
662,CHICKEN SPARE RIBS
666,HALAL
670,MARINATED CHICKEN BREAST
671,ASIAN CHICKEN STRIPS
672,HAND DICED CHICKEN
673,HAND DICED CHICKEN 40MM
674,HAND DICED CHICKEN 50MM
675,CHICKEN SKIN
676,MARINATED CHICKEN DRUMETTE
677,MARINATED CHICKEN WINGETTE
700,KANGAROO FILLET
701,KANGAROO BACKSTRAP
702,KANGAROO BACKSTRAP DENUDED
703,KANGAROO TOPSIDE
704,KANGAROO SCHNITZEL CRUMBED
705,KANGAROO SMOKED
706,SKINLESS ROO TAILS
707,120GM - 150GM ROO PORTERHOUSE
708,KANGAROO TAIL SKIN ON
709,KANGAROO SIRLOIN PORTIONS
710,DICED GOAT
711,GOAT MINCE
712,KANGAROO MIGNON
713,VENISON MINCE
714,DICED KANGAROO
715,FROZEN PLAIN CHICKEN SNITZ
716,KANGAROO SATAY
717,KANGAROO MINCE (FROZEN PRODUCT)
718,KANGAROO SATAY
720,QUAILS
721,QUAILS BUTTERFLYED
722,SPATCHCOCK
723,ATLANTIC SALMON (FROZEN PRODUCT)
724,BARRAMUNDI FILLET (FROZEN PRODUCT)
725,VENISON BACKSTRAP
730,DUCK NO 18
731,DUCK MARYLAND
732,DUCK BREAST
740,TURKEY BUFFE
741,TURKEY ROLL HOLCO
742,TURKEY DICED
743,TURKEY MINCE
744,BONELESS TURKEY BREAST
745,TURKEY ESCALOPES
746,TURKEY BREAST CARVERY ROAST
747,SPATCHCOCK
748,EMU MINCE
749,EMU FILLET
750,10MM TURKEY MINCE NO PRESERVATIVE
751,TURKEY LEG
752,KANGAROO STRIPS
753,CHORIZO
754,BONE IN HAM
777,WAYNES FOLDER
800,SLICED CHICKEN LOAF
801,SLICED 4 X 4 FRITZ
802,SLICED BONELESS LEG HAM
803,SLICED VIRGINIAN HAM
804,SLICED 4 X 4 YORK HAM
805,SLICED MORTADELLA
806,SLICED METTWURST
807,SLICED HUNGARIAN SALAMI
808,SLICED POLISH SAUSAGE
809,SLICED COOKED SILVERSIDE
810,SLICED ROASTED TURKEY ROLL
811,SLICED SMOCKED TURKEY ROLL
812,SMOKED HOCK
813,BACON BONES
814,DICED BACON
815,CHICKEN BREAST FILLET SMOKED
816,SPANISH CHORIZO
817,PASTRAMI
818,CHORIZO
819,SLICED CASALINGA
820,EMU PROSCUITTO
821,RINDLESS BACON
823,SLICED PANCETTA
824,SLICED FLAT PANCETTA
825,CHEESE KRANSKY
826,BRESAOLA
827,CHICKEN BREAST SKIN OFF HALAL PRODUCT
828,CHICKEN DRUMSTICK HALAL PRODUCT
829,CHICKEN THIGH SKIN ON HALAL PRODUCT
830,#17 CHICKEN HALAL PRODUCT
831,DICED BEEF HALAL PRODUCT
832,BEEF MINCE NO PRESERVATIVE HALAL PRODUCT
833,LAMB FOREQUARTER CHOPS HALAL PRODUCTS
834,LAMB MINCE HALAL PRODUCT
835,LAMB SHANKS HALAL PRODUCT
836,CHICKEN MINCE HALAL PRODUCT
837,THIN BEEF SAUSAGES HALAL PRODUCT
838,CHICKEN WINGS HALAL PRODUCT
839,CHICKEN THIGH SKIN OFF HALAL PRODUCT
840,DICED LAMB HALAL PRODUCT
851,FOODLAND
900,BEEF MINCE
901,TOPSIDE MINCE
902,DICED CHUCK
903,DICED STEAK AND KIDNEY
904,DICED TOPSIDE
905,TOPSIDE
906,BLADE
907,BLADE NETTED
908,BLADE SLICED & TENDERISED
910,CORNED SILVERSIDE CONTAINS NITRITE
911,CORNED SILVERSIDE EYE CONTAINS NITRITE
912,SILVERSIDE CONTAINS NITRITE
913,STRIPLOIN
914,VEAL BLADE
915,TOPSIDE STRIPS
916,CRUMBED BEEF SCHNITZEL
917,DICED VEAL
918,KNUCKLE
919,LAMB LEG BONELESS & ROLLED
920,"LAMB LEG BONELESS, ROLLED & CORNED"
921,LAMB LEG STEAK
922,LAMB FOREQUARTER BONELESS & ROLLED
923,LAMB FOREQUARTER CHOPS
924,LAMB DICED
925,LAMB DICED HAND CUT
926,LAMB MINCE
927,LAMB LOIN CHOPS
928,LOMB LOIN CHOPS CRUMBED
930,LAMB KIDNEY DICED
931,CRUMBED BRAINS
932,LAMB FRYS
933,LAMB FOREQUARTER CHOPS CRUMBED
934,DICED BLADE
935,VIRGINIAN HAM SLICED
936,CHICKEN LOAF SLICED
937,PORK LEG BONELESS & ROLLED
938,"PORK LEG BONELESS, ROLLED & CORNED"
939,PORK LEG CHOP
940,PORK LOIN CHOP RINDLESS
941,PORK SCOTCH
942,PORK FOREQUARTER BONED & ROLLED
943,PORK DICED
944,PORK DICED HAND CUT
945,PORK MINCE
946,BACON RINDLESS SMOKED AND GLUTEN FREE
947,BACON RIND ON SMOKED AND GLUTEN FREE
948,DICED BACON SMOKED AND GLUTEN FREE
949,BACON BONES
950,OVEN ROASTED TURKEY ROLL SLICED
951,PORK SCOTCH CORNED
952,KNUCKLE SLICED
953,KNUCKLE
954,BEEF BURGERS CONTAINS SOY & SULPHITE
955,THIN SAUSAGES
956,THICK SAUSAGES
957,SAUSAGE MEAT
958,THIN PORK SAUSAGES
959,THICK PORK SAUSAGES
960,4X4 HAM SLICED
961,COOKED SILVERSIDE SLICED
962,4X4 FRITZ SLICED
963,HAM STEAK
964,CHICKEN DRUMSTICKS
965,CHICKEN MARYLAND
966,CHICKEN CHOPS
967,CHICKEN DICED
968,CHICKEN BREAST FILLET SKIN OFF
969,CHICKEN THIGH FILLET SKIN OFF
970,PREMIUM CHICKEN SAUSAGE MEAT PRESERVATIVE 223 ADDED SULPHITE >10MG/KG
971,CHICKEN LEG SCHNITZEL CRUMBED
972,RUMP SLICED
973,BUNG FRITZ SLICED
974,BONELESS LEG HAM
975,BONELESS LEG HAM SLICED
976,SCHNITZEL
977,CHICKEN BONES
978,CHICKEN WINGS
979,CHICKEN THIGH FILLET SKIN OFF
980,HUNGARIAN SALAMI SLICED
981,CHICKEN MINCE NO PRESERVATIVE
982,MARINATED STEAK
983,BEEF KEBABS
984,CHICKEN KEBABS
985,CHICKEN STIRFRY
986,VEAL SCHNITZEL
987,MORTADELLA
988,CHICKEN KIEV
989,CHICKEN BREAST SKIN ON
990,CHICKEN TENDERLOINS
991,CHICKEN LEG FILLET SKIN ON
992,CHICKEN STRIPS
993,PORK FILLET
994,BEEF MINCE NO PRESERVATIVE
995,TOPSIDE MINCE NO PRESERVATIVE
996,PORK MINCE NO PRESERVATIVE
997,LAMB MINCE NO PRESERVATIVE
998,ASIAN BEEF STIR FRY
999,TEST LABEL 4
1000,WAGYU RUMP
1001,WAGYU SCHNITZEL
1002,FLAT IRON STEAK
1008,CUBE ROLL
1010,RUMP
1012,ROO TAIL FROZEN
1020,LAMB RIBS
1021,YG TOPSIDE ROAST
1022,YG BOLAR ROAST
1023,CORNED SILVERSIDE CONTAINS NITRITE
1024,THICK FLANK STEAK
1025,CORNED SILVERSIDE NETTED CONTAINS NITRITE
1026,BEEF HANGER STEAK
1027,BEEF RIBS BONELESS
1028,BOLAR ROAST
1029,NETTED BOLAR ROAST
1030,SEASONED BOLAR ROAST
1031,CHICKEN BREAST NUGGET
1114,BARRAMUNDI PORTION IMPORTED
1115,GUMMY SHARK KEEP FROZEN PRODUCT OF AUSTRALIA
1300,PLAIN CHICKEN SCHNITZEL
1301,PLAIN CHICKEN SCHNITZEL 150GM
1302,PLAIN CHICKEN SCHNITZEL 160GM
1303,PLAIN CHICKEN SCHNITZEL 180GM
1304,PLAIN CHICKEN SCHNITZEL 200GM
1305,PLAIN CHICKEN SCHNITZEL 220GM
1306,PLAIN CHICKEN SCHNITZEL 250GM
1307,PLAIN CHICKEN SCHNITZEL 300GM
1308,PLAIN CHICKEN SCHNITZEL HONEY SOY MARINATED
1309,PLAIN CHICKEN THIGH SCHNITZEL
1310,DICED TOPSIDE
1311,ROUND STEAK
1312,OX TAIL
1313,BEEF SPARE RIBS
1314,"HAMBURGERS MAY CONTAIN GLUTEN, SOY & SULPHITES"
1315,BEEF MINCE (PRESERVATIVE)
1316,BBQ SAUSAGES
1317,LAMB FOREQUARTER CHOPS
1318,LAMB LOIN CHOPS
1319,LAMB LEG CHOPS
1320,LAMB LEG
1321,PORK LOIN CHOPS
1322,PORK SPARE RIBS
1323,PORK FOREQUARTER CHOPS
1324,CHICKEN BREAST FILLETS SKIN OFF
1325,LAMB FRENCH CUTLETS
1326,SANDWICH STEAK
1327,CHEVAPCHICHI
1328,LAMB BRAINS
1329,LAMB FILLET
1330,CORNED SILVERSIDE CONTAINS NITRITE
1331,FILLET STEAK
1332,THIN PORK SAUSAGES
1333,PORK MINCE
1334,PORK MEDALLONS
1335,BOLAR ROAST
1336,OSSO BUCCO
1337,BRATWURST SAUSAGE
1338,CHICKEN SCHNITZELS CRUMBED
1339,LAMB LEG BONELESS & ROLLED
1340,PORK LEG BONELESS & ROLLED
1341,CHUCK STEAK
1342,LAMB SHANKS
1343,CHICKEN KIEV
1344,GIRELLO
1345,BACON BONES
1346,LAMB RACK
1347,CRUMBED PATTIES
1348,CHICKEN WINGS
1349,DICED STEAK & KIDNEY
1350,SAUSAGE MEAT
1351,SIDE OF LAMB
1352,BEEF STIRFRY
1353,PORK LEG ROAST
1354,QUAILS
1355,VEAL BLADE ROAST
1356,HAM STEAK
1357,LAMB LEG CHOPS
1358,GRAVY BEEF
1359,STEWING STEAK
1360,PORK FILLET
1361,CHICKEN DRUMSTICKS
1362,BLADE STEAK
1363,"BEEF BURGERS MAY CONTAIN GLUTEN, SOY & SULPHITES"
1364,CHIPOLATTAS
1365,DICED BLADE STEAK
1366,LAMB BONES
1367,BBQ STEAK
1368,THICK PORK SAUSAGES
1369,DICED CHICKEN
1370,LAMB CHUMP CHOPS
1371,BEEF KEBABS
1372,CHICKEN KEBABS
1373,THICK BBQ SAUSAGES
1374,CHICKEN SAUSAGES
1375,CHICKEN MINCE NO PRESERVATIVE
1376,CHICKEN DRUMSTICKS
1377,MARINATED CHICKEN WINGS
1378,MARINATED PORK SPARE RIBS
1379,SMOKED PORK HOCKS
1380,CHICKEN MARYLAND
1381,LAMBS FRY
1382,PORK FOREQUARTER BONELESS & ROLLED
1383,CHICKEN THIGH FILLET SKIN ON
1384,SMOKED SPECK
1385,VEAL STEAKS
1386,STEAKETTES
1387,MIXED CHICKEN PORTIONS
1388,STEAK SAUSAGES
1419,CHICKEN CHOPS
1420,PORK LEG CHOP
1421,CHICKEN KIEV GARLIC CRUMBED
1422,CHICKEN DRUMETTES
1423,LAMB NECKS
1424,RUMP STEAK THICK SLICED
1425,BEEF SAUSAGES
1426,LAMB MINCE
2000,RUMP PC HALF 150 GMS
2001,RUMP PC HALF 200 GMS
2002,RUMP PC HALF 250 GMS
2003,RUMP PC HALF 300 GMS
2004,RUMP PC HALF 350 GMS
2005,RUMP PC HALFS 400 GMS
2006,RUMP PC HALFS 280 GMS
2007,RUMP PC HALFS 450 GMS
2008,RUMP PC HALFS 500 GMS
2009,RUMP 400 GRAM
2010,RUMP PC HALF 160G
2011,170GMS HALF RUMP
2012,120 GMS RUMP PCS
2013,RUMP PC HALF 100 GMS
2014,250 GMS WAGYU RUMP
2015,RUMP PC FULL 250 GMS
2016,RUMP PC FULL 300 GMS
2017,RUMP PC FULL 350 GMS
2018,RUMP PC FULL 400 GMS
2019,RUMP PC FULL 450 GMS
2020,RUMP PC FULL 500 GMS
2021,RUMP PC FULL MSA 600 GMS
2022,1000GMS FULL RUMP
2024,RUMP PC FULL 450GM–480GM
2025,STRIPLOIN PC 150 GMS
2026,STRIPLOIN PC 200 GMS
2027,STRIPLOIN PC 250 GMS
2028,STRIPLOIN PC 300 GMS
2029,STRIPLOIN PC 350 GMS
2030,STRIPLOIN PC 400 GMS
2031,STRIPLOIN PC 450 GMS
2032,STRIPLOIN PC 500 GMS
2033,STRIPLOIN PC 280 GMS
2034,STRIPLOIN SPECIAL TRIM PC 250 GRAMS
2035,130 GM
2036,STRIPLOIN 100G
2037,STRIPLOIN 120G
2038,180GM STRIPLOIN
2039,300GM STRIPLOIN CENTRE CUT
2040,CUBE ROLL PC 100 GMS
2041,CUBE ROLL PC 150 GMS
2042,CUBE ROLL PC 200 GMS
2043,CUBE ROLL PC 250 GMS
2044,CUBE ROLL PC 300 GMS
2045,CUBE ROLL PC 350 GMS
2046,CUBE ROLL PC 400 GMS
2047,CUBE ROLL 220G
2048,120GM CUBE ROLL
2049,CLARE VALLEY GOLD 250G CUBE ROLL
2050,CUBE ROLL 170 GMS
2051,AMERICAN T BONE PC 250 GMS
2052,AMERICAN T BONE PC 300 GM
2053,AMERICAN T BONE PC 350 GMS
2054,AMERICAN T BONE PC 400 GMS
2055,AMERICAN T BONE PC 450 GMS
2056,AMERICAN T BONE PC 500 GMS
2057,AMERICAN T BONE PC 700 GMS
2058,AMERICAN T BONE 750GM
2059,AM T BONE 600GMS
2060,COUNTER T BONE PC 200 GMS
2061,COUNTER T BONE PC 250 GMS
2062,COUNTER T BONE PC 300 GMS
2063,COUNTER T BONE PC 350 GMS
2064,COUNTER T BONE PC 500 GMS
2070,TENDERLOIN CENTRE CUT
2071,TENDERLOIN PC 80 GMS
2072,TENDERLOIN PC 90 GMS
2073,TENDERLOIN PC 130 GMS
2074,TENDERLOIN PC 150 GMS
2075,TENDERLOIN PC 180 GMS
2076,TENDERLOIN PC 200 GMS
2077,TENDERLOIN PC 220 GM
2078,TENDERLOIN 250 GMS
2079,TENDERLOIN 300 GMS
2080,VEAL TENDERLOIN 10 X 80 GRAM
2081,VEAL TDR 180 GM
2082,220GM WAGYU TENDERLOIN
2083,160GMS TENDERLOIN
2084,WAGYU SCHNITZEL
2085,WAGYU RUMP
2086,WAGYU SCHNITZEL
2087,B FLY FILLET 300GMS
2088,BF KNUCKLE SANDWICH STK 2MM
2089,BF KNUCKLE SANDWICH STK 5MM
3000,100 GRAM X 10 YG BEEF SCHNITZEL
3001,110 GRAM X 10 YG BEEF SCHNITZEL
3002,120 GRAM X 10 YG BEEF SCHNITZEL
3003,130 GRAM X 10 YG BEEF SCHNITZEL
3004,140 GRAM X 10 YG BEEF SCHNITZEL
3005,150 GRAM X 10 YG BEEF SCHNITZEL
3006,160 GRAM X 10 YG BEEF SCHNITZEL
3007,170 GRAM X 10 YG BEEF SCHNITZEL
3008,180 GRAM X 10 YG BEEF SCHNITZEL
3009,190 GRAM X 10 YG BEEF SCHNITZEL
3010,200 GRAM X 10 YG BEEF SCHNITZEL
3011,240 GRAM X 10 YG BEEF SCHNITZEL
3012,80 GRAM X 10 YG BEEF SCHNITZEL
3013,70 GRAM X 10 YG BEEF SCHNITZEL
3014,90 GRAM X 10 YG BEEF SCHNITZEL
3015,KNUCKLE SANDWICH STEAK
3016,CUBE ROLL SANDWICH STEAK
3017,TOPSIDE SANDWICH STEAK
3018,100GM BEEF SCALLOPINI
3020,RIB STEAK 250 GMS
3021,RIB STEAK 300 GMS
3022,RIB STEAK 350 GMS
3023,RIB STEAK 400 GMS
3024,RIB STK 450 GMS
3025,RIB STK 500 GMS
3026,600 GMS RIB STKS
3028,VEAL RIB STEAK PC 300 GRAMS
3029,STRIPLOIN SCHNITZEL
3030,BLACK ANGUS SCHNITZEL
3031,BOBBY VEAL SLICED
3032,BLACK ANGUS SCHNITZEL 300GMS
4959,BUFFALO MINCE
4960,BUFFALO SAUSAGE
6027,EYE FILLET TENDERLOIN MIGNON GRAZIERS 250GM (PACK OF 4)
6029,EYE FILLET TENDERLOIN MIGNON GRAZIERS 300GM (PACK OF 4)
6030,OSSO BUCCO
6031,RIB EYE GRAZIERS 350GM (PACK OF 4)
6032,RIB EYE GRAZIERS 400GM (PACK OF 2)
6033,RIB EYE GRAZIERS 450GM (PACK OF 2)
6034,RIB EYE GRAZIERS 500GM (PACK OF 2)
6035,RIB EYE AMERICAN STYLE GRAZIERS 600GM (PACK OF 2)
6036,RIB EYE AMERICAN STYLE GRAZIERS 700GM (PACK OF 2)
6037,RIB EYE NOLAN PRIVATE 350GM (PACK OF 4)
6038,RIB EYE NOLAN PRIVATE 400GM (PACK OF 2)
6039,RIB FILLET CUBE ROLL GRAZIERS 200GM (PACK OF 4)
6040,RIB FILLET CUBE ROLL GRAZIERS 250GM (PACK OF 4)
6041,RIB FILLET CUBE ROLL GRAZIERS 300GM (PACK OF 4)
6042,RIB FILLET CUBE ROLL GRAZIERS 350GM (PACK OF 4)
6043,RIB FILLET MARBLE SCORE 2+ 300GM (PACK OF 4)
6044,RUMP GRAZIERS 1000GM (PACK OF 2)
6045,RUMP GRAZIERS 200GM (PACK OF 4)
6046,RUMP GRAZIERS 250GM (PACK OF 4)
6047,RUMP GRAZIERS 300GM (PACK OF 4)
6048,RUMP GRAZIERS 350GM (PACK OF 4)
6049,RUMP GRAZIERS 400GM (PACK OF 4)
6050,RUMP GRAZIERS 400GM FULL FACE (PACK OF 4)
6051,RUMP GRAZIERS 450GM (PACK OF 4)
6052,RUMP GRAZIERS 450GM FULL FACE (PACK OF 4)
6053,RUMP GRAZIERS 500GM (PACK OF 4)
6054,RUMP GRAZIERS 600GM (PACK OF 4)
6055,RUMP GRAZIERS 800GM (PACK OF 2)
6056,RUMP GRAZIERS CAPS (APPROX 1KG EACH)
6057,RUMP MARBLE SCORE GRAZIERS 2+ 300GM (PACK OF 4)
6058,RUMP MARBLE SCORE GRAZIERS 2+ 350GM (PACK OF 4)
6059,RUMP MARBLE SCORE GRAZIERS 2+ 400GM (PACK OF 4)
6060,RUMP MARBLE SCORE GRAZIERS 2+ 800GM (PACK OF 2)
6061,SIRLOIN STRIPLOIN GRAZIERS 200GM (PACK OF 4)
6062,SIRLOIN STRIPLOIN GRAZIERS 250GM (PACK OF 4)
6063,SIRLOIN STRIPLOIN GRAZIERS 300GM (PACK OF 4)
6064,SIRLOIN STRIPLOIN GRAZIERS 350GM (PACK OF 4)
6065,SIRLOIN STRIPLOIN MARBLE SCORE GRAZIERS 2+ 300GM (PACK OF 4)
6066,SIRLOIN STRIPLOIN MARBLE SCORE GRAZIERS 2+ 350GM (PACK OF 4)
6067,T-BONE GRAZIERS 350GM (PACK OF 2)
6068,T-BONE GRAZIERS 400GM (PACK OF 2)
6069,T-BONE GRAZIERS 450GM (PACK OF 2)
6070,T-BONE GRAZIERS 500GM (PACK OF 2)
6071,T-BONE CLUB NO FILLET 200GM (PACK OF 4)
6072,T-BONE CLUB NO FILLET 250GM (PACK OF 4)
6073,WAGYU BEEF DICED
6074,WAGYU RUMP GRAZIERS 250GM (PACK OF 4)
6075,WAGYU RUMP GRAZIERS 300GM (PACK OF 4)
6076,WAGYU RUMP GRAZIERS 350GM (PACK OF 4)
6077,WAGYU RUMP GRAZIERS 400GM (PACK OF 4)
6078,WAGYU RUMP ENDS GRAZIERS 150GM (PACK OF 10)
6079,WAGYU STRIPLOIN 250GM GOLD (1 PER PACK)
6080,WAGYU STRIPLOIN 300GM (PACK OF 4)
6081,WAGYU STRIPS
6082,EYE FILLET GRAZIERS 180G (PACK OF 4)
6083,T-BONE GRAZIERS 300GM (PACK OF 4)
6084,STEAK SANDWICH GRAIN 150G (PACK OF 10)
6085,NEW YORK ON THE BONE 350GM (PACK OF 2)
6086,RIB EYE GRAZIERS DRY AGE
6087,RUMP ENDS GRAZIERS 100GM (PACK OF 10)
6088,RUMP ENDS GRAZIERS 150GM (PACK OF 10)
6089,NEW YORK ON THE BONE 300GM (PACK OF 4)
6090,RIB FILLET CUBE ROLL BUDGET GRAZIERS 100GM (PACK OF 10)
6091,RIB FILLET CUBE ROLL BUDGET GRAZIERS 150GM (PACK OF 10)
6092,BEEF TENDERLOIN WHOLE 1.8KG UP
6093,BEEF SHORT RIBS WHOLE BONE IN
6094,WAGYU BRISKET (APPROX 5KG EACH)
6095,BEEF BRISKET
6096,EYE FILLET GRAZIERS MIGNON MINI
6097,BEEF TOMAHAWK (AVE WEIGHT 1.2KG PER PIECE)
6098,RIB FILLET 300GM OAKEY ANGUS RESERVE (PACK OF 4)
6099,FLANK STEAK
6100,VEAL BLADE (APPROX 3KG EACH)
6101,T-BONE GRAZIERS 750GM (PACK OF 2)
6102,PROMO T BONE 350GM (PACK OF 4)
6103,KANGAROO LOIN 100GM–130GM (FROZEN)
6104,KANGAROO RUMP MEDALLION (FROZEN)
6105,MEAT TRAY $20
6106,MEAT TRAY $30
6107,"BURGER ANGUS 165GM (PACK OF 6) FROZEN (MAY CONTAIN GLUTEN, SOY & SULPHITES)"
6108,"BEEF BURGER 225GM (PACK OF 8) FROZEN (MAY CONTAIN GLUTEN, SOY & SULPHITES)"
6109,"BURGER WAGYU 165GM (PACK OF 6) FROZEN (MAY CONTAIN GLUTEN, SOY & SULPHITES)"
6110,MEAT TRAY $15
6111,MEAT TRAY BREAKFAST $35
6112,MEAT TRAY MIXED $35
6113,SAUSAGE BEEF THICK
6114,SAUSAGE BEEF THIN
6115,SAUSAGE CHIPOLATAS BREAKFAST 2.5KG BAG
6116,SAUSAGE PORK THICK
6117,SAUSAGE PORK THIN
6118,MEAT TRAY $25
6119,MEAT TRAY RUMP $35
6120,MEAT TRAY $50
6121,"BURGER WAGYU 200G X 40 CARTON FROZEN (MAY CONTAIN GLUTEN, SOY & SULPHITES)"
6122,SAUSAGES BRATWURST
6123,SAUSAGES KNACKWURST
6124,KIDS PREMIUM BEEF BURGER 7.2KG CTN FROZEN
6125,MINCE PORK
6126,PORK DICED 25MM
6127,PORK LEG BONED AND ROLLED (APPROX 5KG EACH)
6128,PORK LOIN BONED AND ROLLED (APPROX 3KG EACH)
6129,PORK TENDERLOIN
6130,PORK USA RIBS (FROZEN)
6131,PORK ASIAN CUT
6132,PORK LOIN CHOPS
6133,PORK STRIPS
6134,PORK USA RIBS FULL PLATE
6135,PORK CUTLETS (3 PER PACK)
6136,PORK COLLAR BUTT
6137,PORK STRIPLOIN BONELESS RINDLESS
6138,PORK HOCKS
6139,PORK MEATY RIBLETS (15KG PER CARTON)
6140,PORK PRECOOKED RIBS (APPROX 15KG CARTON)
6141,PORK SHOULDER BONED AND ROLLED (APPROX 4KG EACH)
6142,CROCODILE TAIL MEAT / POROSUS
6143,WALLABY SHANKS LARGE
6144,LAMB DICED 25MM (2.5KG PACKS)
6145,LAMB FOREQUARTER CHOPS
6146,LAMB LEG BONED AND ROLLED (2KG EACH)
6147,LAMB LOIN CHOPS
6148,LAMB SHOULDER BONED AND ROLLED (3KG EACH)
6149,MINCE LAMB (2.5KG PACKS)
6150,OFFAL LAMB KIDNEY
6151,OFFAL LAMBS FRY
6152,LAMB FILLET
6153,LAMB FOREQUARTER RACKS
6154,LAMB RUMP CAP OFF
6155,MUTTON BACKSTRAPS
6156,LAMB SHANK DRUMSTICK
6157,LAMB CRUMBED CUTLETS (20 PER TRAY) FROZEN
6158,LAMB CUTLETS (10 PER TRAY) FRESH
6159,LAMB RACK 4 POINT
6160,LAMB BRAINS (4 PER TRAY)
6161,LAMB RIBS
6162,HAM ON THE BONE
6163,PANCETTA WHOLE
6164,HAM LEG EASY CARVE
6165,HAM SLICED CHAMPAGNE
6166,BACON RASHERS RINDLESS 10KG (4 X 2.5KG)
6167,KABANA 2.5KG
6168,PROSCUITTO SLICED 500GM
6169,BACON RASHERS RINDLESS 5KG (2 X 2.5KG)
6666,CHICKEN BONELESS COOKED CHICKEN BREAST
8000,CHICKEN BONELESS CHICKEN THIGH FILLET SKIN ON 150 GRAM
8001,CHICKEN BONELESS CHICKEN THIGH FILLET SKIN OFF 130 GRAM
8002,CHICKEN THIGH DICED 30 X 30 MM
8003,GSM CHICKEN THIGH FILLET SKIN OFF 150 GRAM
8004,CHICKEN THIGH FILLET SKIN ON 130 GRAM
8005,CHICKEN BREAST FILLET SKIN OFF 130 GRAM
8006,CHICKEN BREAST FILLET SKIN ON 130 GRAM
8007,CHICKEN THIGH STRIPS SMALL
8008,CHICKEN THIGH FILLET SMALL DICED SKIN OFF
8009,CHICKEN BONES
8010,CHICKEN BREAST FILLET SKIN OFF 130GM X 10 GSR
8011,CHICKEN NECKS STAFF PURCHACE
8012,CHICKEN BREAST FILLET SKIN ON 130GM X 12 GSR
